cohort_year,Avg_Investment,Total_Investment,Total_Investors,Preferred_Fund
2024,107422.54183205638,3491125187,4803,148568
2025,109158.5770609319,30455243,197,119599
